#name           first              email                              PID_A         PID_B            instr       A [hr]   B [hr]   # comments
#                                                                                                              Cat-A     only B  # first complete A
RAU             Arne               a.rau@mpe.mpg.de                 116.29GN.001  114.27S7.001        GROND    117       0          # MPE
WANG            Lingzhi            wanglingzhibnu@gmail.com         116.29GJ.001  000.0000.000        GROND     21       0          # Chile
SUYU            Sherry             suyu@mpa.mpg.de                  116.29GC.003  115.28JZ.002        GROND    117       0          # MPE
BOSMAN          Sarah              bosman@mpia.de                   116.29G8.002  000.0000.000        GROND      0      16          # MPIA
BANADOS         Eduardo            banados@mpia.de                  116.29G8.001  000.0000.000        GROND     42       0          # MPIA, 19*2 h for J0300+ 7*0.6h for P065_26 until March 1st  
RAU             Arne               a.rau@mpe.mpg.de                 116.29GQ.001  116.29GR.001        FEROS      0       0          # MPE 
KORHONEN        Heidi              korhonen@mpia.de                 116.29FV.001  000.0000.000        FEROS     40      20          # MPIA   
EL-BADRY        Kareem             kelbadry@mpia.de                 116.29G9.001  000.0000.000        FEROS    150       0          # MPIA
MÜLLER-HORN     Johanna            mueller-horn@mpia.de             116.29JK.001  000.0000.000        FEROS     50     104          # MPIA                 
LAUNHARDT       Ralf               rl@mpia.de                       116.29FW.001  000.0000.000        FEROS     25       0          # MPIA
EBERHARDT       Jan                eberhardt@mpia.de                116.29H3.001  000.0000.000        FEROS    173       0          # MPIA
MARTIN          Nicolas            martin@mpia.de                   116.29G0.001  000.0000.000        FEROS     22       0          # MPIA
AERTS           Conny              conny.aerts@kuleuven.be          116.29GB.001  000.0000.000        FEROS     72       0          # MPIA
GREDEL          Roland             gredel@mpia.de                   116.29FZ.001  114.27SU.001          WFI     30     150          # MPIA Stanke, T.    
BANADOS         Eduardo            banados@mpia.de                  116.29G7.001  000.0000.000          WFI     23       0          # MPIA,57*25 min until end of Apil, every 2nd night   
RAU             Arne               a.rau@mpe.mpg.de                 116.29GS.001  116.29GT.001          WFI      0       0          # MPE   
SUYU            Sherry             suyu@mpa.mpg.de                  116.29GC.001  116.29GC.002          WFI      0       0          # MPE  
ROJAS           Felipe             firojas@uc.cl                    116.29JM.001  000.0000.000        FEROS     28       0          # Chile
ANDERSON        David              david.anderson@ucn.cl            116.29JN.001  000.0000.000        FEROS      7       0          # Chile
FLORES-MORAGA   Maria-Jesus        mariajesusfm@uc.cl               116.29GF.001  000.0000.000        FEROS     35       0          # Chile
HERNANDEZ-ARAYA Ivanna             ivanna.hernndez@uc.cl            116.29GG.001  000.0000.000        FEROS      7       0          # Chile
GUO             Zhen               zhen.guo@uv.cl                   116.29GK.001  000.0000.000        FEROS     14       0          # Chile